in:Altura [m],in:Apertura [%],in:Materiales,out:Energía [kWh/m2],out:ASE250 [%Area],out:UDI300 [%],out:UDI+ [%],out:DA300 [%],out:DA500 [%],out:DA750 [%],out:DA1000 [%],out:DA1250 [%],out:Valor m2/p [COP],img_1
3,0.05,TS,2.3,22.7,20.9,4.7,25.7,9.4,5.8,5.3,5.2,2.1,https://monsieurpablo.github.io/EnvolventesInteligentes/design_explorer_data/DefaultData/altura3_apertura0.05_materiales1_c.png
4,0.05,TS,2.3,7.1,19.5,1.4,20.8,5.5,2.3,2.1,2,2.1,https://monsieurpablo.github.io/EnvolventesInteligentes/design_explorer_data/DefaultData/altura4_apertura0.05_materiales1_c.png
5,0.05,TS,2.3,10.2,16.9,2.7,19.6,6.2,3.4,3,2.9,2.1,https://monsieurpablo.github.io/EnvolventesInteligentes/design_explorer_data/DefaultData/altura5_apertura0.05_materiales1_c.png
6,0.05,TS,2.3,16.3,16.7,3.9,20.5,9,4.8,4.3,4.1,2.1,https://monsieurpablo.github.io/EnvolventesInteligentes/design_explorer_data/DefaultData/altura6_apertura0.05_materiales1_c.png
8,0.05,TS,2.3,11.3,15.1,2.4,17.4,5.2,3.3,2.7,2.5,2.1,https://monsieurpablo.github.io/EnvolventesInteligentes/design_explorer_data/DefaultData/altura8_apertura0.05_materiales1_c.png
10,0.05,TS,2.3,9.9,10.4,1.8,12.2,4.2,2.2,1.9,1.8,2.1,https://monsieurpablo.github.io/EnvolventesInteligentes/design_explorer_data/DefaultData/altura10_apertura0.05_materiales1_c.png
3,0.1,TS,4.6,34.7,65.9,7.7,73.6,37.2,17.7,11.5,9.5,1,https://monsieurpablo.github.io/EnvolventesInteligentes/design_explorer_data/DefaultData/altura3_apertura0.1_materiales1_c.png
4,0.1,TS,4.6,19.8,67.8,4.2,72,34.7,14,7.5,5.6,1,https://monsieurpablo.github.io/EnvolventesInteligentes/design_explorer_data/DefaultData/altura4_apertura0.1_materiales1_c.png
5,0.1,TS,4.6,25,58.3,6.1,64.4,29.8,12,7.5,6.8,1,https://monsieurpablo.github.io/EnvolventesInteligentes/design_explorer_data/DefaultData/altura5_apertura0.1_materiales1_c.png
6,0.1,TS,4.6,29.1,48.6,6.8,55.3,25.5,11.5,7.7,7.3,1,https://monsieurpablo.github.io/EnvolventesInteligentes/design_explorer_data/DefaultData/altura6_apertura0.1_materiales1_c.png
8,0.1,TS,4.6,21.8,43.4,5,48.4,22.8,8.6,5.6,5.4,1,https://monsieurpablo.github.io/EnvolventesInteligentes/design_explorer_data/DefaultData/altura8_apertura0.1_materiales1_c.png
10,0.1,TS,4.6,16.7,34.3,3.6,38,18.2,6.1,3.9,3.8,1,https://monsieurpablo.github.io/EnvolventesInteligentes/design_explorer_data/DefaultData/altura10_apertura0.1_materiales1_c.png
3,0.15,TS,6.8,45.7,81.6,10.4,92,66.6,38.6,24.8,17.2,0.7,https://monsieurpablo.github.io/EnvolventesInteligentes/design_explorer_data/DefaultData/altura3_apertura0.15_materiales1_c.png
4,0.15,TS,6.8,36.7,81.3,8.2,89.6,64.3,35.3,19.5,13.8,0.7,https://monsieurpablo.github.io/EnvolventesInteligentes/design_explorer_data/DefaultData/altura4_apertura0.15_materiales1_c.png
5,0.15,TS,6.8,38.7,77.4,9.5,86.9,60.7,32,18.1,12.2,0.7,https://monsieurpablo.github.io/EnvolventesInteligentes/design_explorer_data/DefaultData/altura5_apertura0.15_materiales1_c.png
6,0.15,TS,6.8,41.6,71.3,10,81.3,54.1,27.9,16.4,11.8,0.7,https://monsieurpablo.github.io/EnvolventesInteligentes/design_explorer_data/DefaultData/altura6_apertura0.15_materiales1_c.png
8,0.15,TS,6.8,34.1,63.7,8.2,71.9,42,22.7,13.4,9.2,0.7,https://monsieurpablo.github.io/EnvolventesInteligentes/design_explorer_data/DefaultData/altura8_apertura0.15_materiales1_c.png
10,0.15,TS,6.8,22.9,55.1,4.9,60,33.9,16.1,7.1,5.3,0.7,https://monsieurpablo.github.io/EnvolventesInteligentes/design_explorer_data/DefaultData/altura10_apertura0.15_materiales1_c.png
3,0.2,TS,9.1,52.5,85.9,11.9,97.8,82.9,58.7,38.7,27.5,0.5,https://monsieurpablo.github.io/EnvolventesInteligentes/design_explorer_data/DefaultData/altura3_apertura0.2_materiales1_c.png
4,0.2,TS,9.1,60.3,82.9,14.2,97.1,81.4,57.4,37.3,25.3,0.5,https://monsieurpablo.github.io/EnvolventesInteligentes/design_explorer_data/DefaultData/altura4_apertura0.2_materiales1_c.png
5,0.2,TS,9.1,51.8,82.6,12.9,95.5,76.7,53.4,32.7,22.1,0.5,https://monsieurpablo.github.io/EnvolventesInteligentes/design_explorer_data/DefaultData/altura5_apertura0.2_materiales1_c.png
6,0.2,TS,9.1,50,80.5,12.5,93,70.2,47.3,28.7,19.7,0.5,https://monsieurpablo.github.io/EnvolventesInteligentes/design_explorer_data/DefaultData/altura6_apertura0.2_materiales1_c.png
8,0.2,TS,9.1,42.4,76.4,10.4,86.9,57.7,35.9,21.7,14.2,0.5,https://monsieurpablo.github.io/EnvolventesInteligentes/design_explorer_data/DefaultData/altura8_apertura0.2_materiales1_c.png
10,0.2,TS,9.1,29.9,72.7,6.8,79.5,48.9,28.6,17.1,9.8,0.5,https://monsieurpablo.github.io/EnvolventesInteligentes/design_explorer_data/DefaultData/altura10_apertura0.2_materiales1_c.png
3,0.25,TS,11.4,69.3,82.8,16.8,99.6,92,73.3,53.3,39.2,0.4,https://monsieurpablo.github.io/EnvolventesInteligentes/design_explorer_data/DefaultData/altura3_apertura0.25_materiales1_c.png
4,0.25,TS,11.4,73.4,81.9,17.3,99.3,90.6,72.9,54.4,38.8,0.4,https://monsieurpablo.github.io/EnvolventesInteligentes/design_explorer_data/DefaultData/altura4_apertura0.25_materiales1_c.png
5,0.25,TS,11.4,63.6,82.9,15.8,98.7,86.9,66.4,49.8,33.9,0.4,https://monsieurpablo.github.io/EnvolventesInteligentes/design_explorer_data/DefaultData/altura5_apertura0.25_materiales1_c.png
6,0.25,TS,11.4,63.4,82.1,15.4,97.6,82.8,60.8,44.1,29.2,0.4,https://monsieurpablo.github.io/EnvolventesInteligentes/design_explorer_data/DefaultData/altura6_apertura0.25_materiales1_c.png
8,0.25,TS,11.4,53.9,81.8,12.9,94.7,72,49.5,33.9,23.3,0.4,https://monsieurpablo.github.io/EnvolventesInteligentes/design_explorer_data/DefaultData/altura8_apertura0.25_materiales1_c.png
10,0.25,TS,11.4,36.7,81.5,8.3,89.8,61.4,39.2,24.2,15.9,0.4,https://monsieurpablo.github.io/EnvolventesInteligentes/design_explorer_data/DefaultData/altura10_apertura0.25_materiales1_c.png
3,0.3,TS,13.7,93,77.2,22.8,100,96.7,83.4,67.5,51.3,0.3,https://monsieurpablo.github.io/EnvolventesInteligentes/design_explorer_data/DefaultData/altura3_apertura0.3_materiales1_c.png
4,0.3,TS,13.7,86.5,78.8,21.1,99.9,95.1,80.9,65.9,52.1,0.3,https://monsieurpablo.github.io/EnvolventesInteligentes/design_explorer_data/DefaultData/altura4_apertura0.3_materiales1_c.png
5,0.3,TS,13.7,80.4,79.6,20.1,99.7,92.8,76.1,61,47,0.3,https://monsieurpablo.github.io/EnvolventesInteligentes/design_explorer_data/DefaultData/altura5_apertura0.3_materiales1_c.png
6,0.3,TS,13.7,77.5,80.1,19.2,99.3,89.6,69.2,55.6,41.4,0.3,https://monsieurpablo.github.io/EnvolventesInteligentes/design_explorer_data/DefaultData/altura6_apertura0.3_materiales1_c.png
8,0.3,TS,13.7,63.6,82.4,15.2,97.6,83.2,59.5,43.6,30.5,0.3,https://monsieurpablo.github.io/EnvolventesInteligentes/design_explorer_data/DefaultData/altura8_apertura0.3_materiales1_c.png
10,0.3,TS,13.7,44.3,85.4,10,95.4,73.3,50.1,34.6,24,0.3,https://monsieurpablo.github.io/EnvolventesInteligentes/design_explorer_data/DefaultData/altura10_apertura0.3_materiales1_c.png
3,0.05,TC,2.6,24.1,80.4,5.2,85.6,54.5,27.1,15.5,10.1,1.4,https://monsieurpablo.github.io/EnvolventesInteligentes/design_explorer_data/DefaultData/altura3_apertura0.05_materiales2_c.png
4,0.05,TC,2.6,7.4,76.6,2,78.6,49.7,22.6,10.8,5.8,1.4,https://monsieurpablo.github.io/EnvolventesInteligentes/design_explorer_data/DefaultData/altura4_apertura0.05_materiales2_c.png
5,0.05,TC,2.6,10.3,70.8,3,73.8,45.3,21.3,11,6.6,1.4,https://monsieurpablo.github.io/EnvolventesInteligentes/design_explorer_data/DefaultData/altura5_apertura0.05_materiales2_c.png
6,0.05,TC,2.6,16.7,64,4.2,68.2,40.3,20.7,11.3,6.6,1.4,https://monsieurpablo.github.io/EnvolventesInteligentes/design_explorer_data/DefaultData/altura6_apertura0.05_materiales2_c.png
8,0.05,TC,2.6,11.3,54.2,2.5,56.7,31,15.6,8.9,5.1,1.4,https://monsieurpablo.github.io/EnvolventesInteligentes/design_explorer_data/DefaultData/altura8_apertura0.05_materiales2_c.png
10,0.05,TC,2.6,9.9,43.4,1.9,45.3,25.5,14.4,8,4.5,1.4,https://monsieurpablo.github.io/EnvolventesInteligentes/design_explorer_data/DefaultData/altura10_apertura0.05_materiales2_c.png
3,0.1,TC,5.3,36.8,90,9.7,99.7,92.8,75.2,54.7,37.9,0.7,https://monsieurpablo.github.io/EnvolventesInteligentes/design_explorer_data/DefaultData/altura3_apertura0.1_materiales2_c.png
4,0.1,TC,5.3,20.6,93.1,5.8,98.9,90.7,71.7,52.5,35.2,0.7,https://monsieurpablo.github.io/EnvolventesInteligentes/design_explorer_data/DefaultData/altura4_apertura0.1_materiales2_c.png
5,0.1,TC,5.3,25.7,91.2,6.9,98.2,85.8,63.4,46.5,29.8,0.7,https://monsieurpablo.github.io/EnvolventesInteligentes/design_explorer_data/DefaultData/altura5_apertura0.1_materiales2_c.png
6,0.1,TC,5.3,29.8,89.2,7.4,96.6,82.2,59.1,40.9,26.8,0.7,https://monsieurpablo.github.io/EnvolventesInteligentes/design_explorer_data/DefaultData/altura6_apertura0.1_materiales2_c.png
8,0.1,TC,5.3,22,88.9,5.3,94.1,71.9,47.9,32.6,21.2,0.7,https://monsieurpablo.github.io/EnvolventesInteligentes/design_explorer_data/DefaultData/altura8_apertura0.1_materiales2_c.png
10,0.1,TC,5.3,16.7,84.5,3.7,88.3,58.6,36.8,23.4,14.6,0.7,https://monsieurpablo.github.io/EnvolventesInteligentes/design_explorer_data/DefaultData/altura10_apertura0.1_materiales2_c.png
3,0.15,TC,7.9,48.5,82.8,17.1,99.9,99.1,93.3,82.2,68.6,0.5,https://monsieurpablo.github.io/EnvolventesInteligentes/design_explorer_data/DefaultData/altura3_apertura0.15_materiales2_c.png
4,0.15,TC,7.9,38.6,85.9,13.9,99.8,98.6,91.1,78.8,66.6,0.5,https://monsieurpablo.github.io/EnvolventesInteligentes/design_explorer_data/DefaultData/altura4_apertura0.15_materiales2_c.png
5,0.15,TC,7.9,39.7,86.3,13.6,99.9,97.7,87.6,72.9,61.5,0.5,https://monsieurpablo.github.io/EnvolventesInteligentes/design_explorer_data/DefaultData/altura5_apertura0.15_materiales2_c.png
6,0.15,TC,7.9,42.5,86.7,12.9,99.6,95.3,81.7,65.8,53.3,0.5,https://monsieurpablo.github.io/EnvolventesInteligentes/design_explorer_data/DefaultData/altura6_apertura0.15_materiales2_c.png
8,0.15,TC,7.9,34.2,90.4,8.9,99.3,91.4,71.7,54.4,42,0.5,https://monsieurpablo.github.io/EnvolventesInteligentes/design_explorer_data/DefaultData/altura8_apertura0.15_materiales2_c.png
10,0.15,TC,7.9,23,93.2,5.1,98.3,85.5,59.8,43.5,32.9,0.5,https://monsieurpablo.github.io/EnvolventesInteligentes/design_explorer_data/DefaultData/altura10_apertura0.15_materiales2_c.png
3,0.2,TC,10.5,55.8,69.5,30.5,100,100,98.3,93.1,84.8,0.3,https://monsieurpablo.github.io/EnvolventesInteligentes/design_explorer_data/DefaultData/altura3_apertura0.2_materiales2_c.png
4,0.2,TC,10.5,62.9,72.9,27.1,100,99.9,97.5,91.4,81.7,0.3,https://monsieurpablo.github.io/EnvolventesInteligentes/design_explorer_data/DefaultData/altura4_apertura0.2_materiales2_c.png
5,0.2,TC,10.5,53.1,76,23.9,99.9,99.7,95.6,87.3,77,0.3,https://monsieurpablo.github.io/EnvolventesInteligentes/design_explorer_data/DefaultData/altura5_apertura0.2_materiales2_c.png
6,0.2,TC,10.5,51,78.6,21.1,99.8,99.3,93.4,83.3,71.1,0.3,https://monsieurpablo.github.io/EnvolventesInteligentes/design_explorer_data/DefaultData/altura6_apertura0.2_materiales2_c.png
8,0.2,TC,10.5,42.6,83.3,16.5,99.8,98,87.7,73.4,59.3,0.3,https://monsieurpablo.github.io/EnvolventesInteligentes/design_explorer_data/DefaultData/altura8_apertura0.2_materiales2_c.png
10,0.2,TC,10.5,30,88.5,10.9,99.4,95.2,79.5,60.2,47.7,0.3,https://monsieurpablo.github.io/EnvolventesInteligentes/design_explorer_data/DefaultData/altura10_apertura0.2_materiales2_c.png
3,0.25,TC,13.1,74.1,56.8,43.2,100,100,99.8,97.9,93.8,0.3,https://monsieurpablo.github.io/EnvolventesInteligentes/design_explorer_data/DefaultData/altura3_apertura0.25_materiales2_c.png
4,0.25,TC,13.1,76.1,58.1,41.9,100,100,99.6,96.3,91.2,0.3,https://monsieurpablo.github.io/EnvolventesInteligentes/design_explorer_data/DefaultData/altura4_apertura0.25_materiales2_c.png
5,0.25,TC,13.1,65.2,63.6,36.3,100,99.9,98.7,94.2,87.1,0.3,https://monsieurpablo.github.io/EnvolventesInteligentes/design_explorer_data/DefaultData/altura5_apertura0.25_materiales2_c.png
6,0.25,TC,13.1,64.5,67.5,32.4,99.9,99.8,97.8,91.3,83,0.3,https://monsieurpablo.github.io/EnvolventesInteligentes/design_explorer_data/DefaultData/altura6_apertura0.25_materiales2_c.png
8,0.25,TC,13.1,54.2,76.6,23.2,99.9,99.6,94.6,85,72.7,0.3,https://monsieurpablo.github.io/EnvolventesInteligentes/design_explorer_data/DefaultData/altura8_apertura0.25_materiales2_c.png
10,0.25,TC,13.1,36.8,81,18.6,99.6,98.7,89.8,75.7,61.4,0.3,https://monsieurpablo.github.io/EnvolventesInteligentes/design_explorer_data/DefaultData/altura10_apertura0.25_materiales2_c.png
3,0.3,TC,15.8,99.6,42.5,57.5,100,100,100,99.4,97.4,0.2,https://monsieurpablo.github.io/EnvolventesInteligentes/design_explorer_data/DefaultData/altura3_apertura0.3_materiales2_c.png
4,0.3,TC,15.8,89.4,43.8,56.2,100,100,100,99,95.8,0.2,https://monsieurpablo.github.io/EnvolventesInteligentes/design_explorer_data/DefaultData/altura4_apertura0.3_materiales2_c.png
5,0.3,TC,15.8,82.3,49.4,50.6,100,100,99.8,97.6,93.4,0.2,https://monsieurpablo.github.io/EnvolventesInteligentes/design_explorer_data/DefaultData/altura5_apertura0.3_materiales2_c.png
6,0.3,TC,15.8,78.8,55.1,44.8,100,99.9,99.4,96.2,90.5,0.2,https://monsieurpablo.github.io/EnvolventesInteligentes/design_explorer_data/DefaultData/altura6_apertura0.3_materiales2_c.png
8,0.3,TC,15.8,63.8,66.3,33.6,99.9,99.8,98.2,92.1,83,0.2,https://monsieurpablo.github.io/EnvolventesInteligentes/design_explorer_data/DefaultData/altura8_apertura0.3_materiales2_c.png
10,0.3,TC,15.8,44.5,75.4,24.5,99.9,99.7,95.7,86.3,72.9,0.2,https://monsieurpablo.github.io/EnvolventesInteligentes/design_explorer_data/DefaultData/altura10_apertura0.3_materiales2_c.png
3,0.05,S,3.5,24,77.1,5.2,82.3,47.9,23.3,12.9,8.8,1,https://monsieurpablo.github.io/EnvolventesInteligentes/design_explorer_data/DefaultData/altura3_apertura0.05_materiales3_c.png
4,0.05,S,3.5,7.4,75.1,2,77.1,46.9,20.4,10.8,5.7,1,https://monsieurpablo.github.io/EnvolventesInteligentes/design_explorer_data/DefaultData/altura4_apertura0.05_materiales3_c.png
5,0.05,S,3.5,10.3,66.9,3,70,38.9,17.3,9,5.4,1,https://monsieurpablo.github.io/EnvolventesInteligentes/design_explorer_data/DefaultData/altura5_apertura0.05_materiales3_c.png
6,0.05,S,3.5,16.7,56.6,4.1,60.7,31.4,15.5,9.5,6.6,1,https://monsieurpablo.github.io/EnvolventesInteligentes/design_explorer_data/DefaultData/altura6_apertura0.05_materiales3_c.png
8,0.05,S,3.5,11.3,48.1,2.5,50.6,25.7,12.3,6.4,4.6,1,https://monsieurpablo.github.io/EnvolventesInteligentes/design_explorer_data/DefaultData/altura8_apertura0.05_materiales3_c.png
10,0.05,S,3.5,9.9,38.5,1.8,40.4,19.8,9.4,4.9,3,1,https://monsieurpablo.github.io/EnvolventesInteligentes/design_explorer_data/DefaultData/altura10_apertura0.05_materiales3_c.png
3,0.1,S,7,36.7,90.2,9.2,99.4,91.3,71.3,50.2,34.6,0.5,https://monsieurpablo.github.io/EnvolventesInteligentes/design_explorer_data/DefaultData/altura3_apertura0.1_materiales3_c.png
4,0.1,S,7,20.6,93,5.4,98.4,87.6,67.7,46.7,28.9,0.5,https://monsieurpablo.github.io/EnvolventesInteligentes/design_explorer_data/DefaultData/altura4_apertura0.1_materiales3_c.png
5,0.1,S,7,25.7,90.3,6.8,97.1,82.9,61.2,42.4,25.2,0.5,https://monsieurpablo.github.io/EnvolventesInteligentes/design_explorer_data/DefaultData/altura5_apertura0.1_materiales3_c.png
6,0.1,S,7,29.8,88,7.3,95.3,77.6,54.1,36.5,23.3,0.5,https://monsieurpablo.github.io/EnvolventesInteligentes/design_explorer_data/DefaultData/altura6_apertura0.1_materiales3_c.png
8,0.1,S,7,22,86.5,5.2,91.7,65.6,44,29.6,18.4,0.5,https://monsieurpablo.github.io/EnvolventesInteligentes/design_explorer_data/DefaultData/altura8_apertura0.1_materiales3_c.png
10,0.1,S,7,16.7,82.1,3.8,85.9,54.9,32.6,20,11.2,0.5,https://monsieurpablo.github.io/EnvolventesInteligentes/design_explorer_data/DefaultData/altura10_apertura0.1_materiales3_c.png
3,0.15,S,10.6,48.4,83.5,16.5,100,98.6,91.3,78.2,64.2,0.3,https://monsieurpablo.github.io/EnvolventesInteligentes/design_explorer_data/DefaultData/altura3_apertura0.15_materiales3_c.png
4,0.15,S,10.6,38.6,86.5,13.3,99.8,97.9,88.3,75.6,61.2,0.3,https://monsieurpablo.github.io/EnvolventesInteligentes/design_explorer_data/DefaultData/altura4_apertura0.15_materiales3_c.png
5,0.15,S,10.6,39.7,87.7,12.1,99.8,96.5,84.7,68.9,55.9,0.3,https://monsieurpablo.github.io/EnvolventesInteligentes/design_explorer_data/DefaultData/altura5_apertura0.15_materiales3_c.png
6,0.15,S,10.6,42.5,88,11.7,99.7,93.8,77.9,62,49.1,0.3,https://monsieurpablo.github.io/EnvolventesInteligentes/design_explorer_data/DefaultData/altura6_apertura0.15_materiales3_c.png
8,0.15,S,10.6,34.2,89.9,8.7,98.7,88.6,66.6,48.2,36.2,0.3,https://monsieurpablo.github.io/EnvolventesInteligentes/design_explorer_data/DefaultData/altura8_apertura0.15_materiales3_c.png
10,0.15,S,10.6,23,92.4,5.2,97.7,81.3,56.7,40.6,30,0.3,https://monsieurpablo.github.io/EnvolventesInteligentes/design_explorer_data/DefaultData/altura10_apertura0.15_materiales3_c.png
3,0.2,S,14.1,55.7,72.5,27.5,100,100,97.8,91.6,82.6,0.3,https://monsieurpablo.github.io/EnvolventesInteligentes/design_explorer_data/DefaultData/altura3_apertura0.2_materiales3_c.png
4,0.2,S,14.1,62.8,75.1,24.9,100,99.8,96.6,89.6,79.6,0.3,https://monsieurpablo.github.io/EnvolventesInteligentes/design_explorer_data/DefaultData/altura4_apertura0.2_materiales3_c.png
5,0.2,S,14.1,53,78.9,21,99.9,99.5,94.6,85.2,73.6,0.3,https://monsieurpablo.github.io/EnvolventesInteligentes/design_explorer_data/DefaultData/altura5_apertura0.2_materiales3_c.png
6,0.2,S,14.1,51,81.6,18.3,99.9,98.7,91.2,79.4,66.9,0.3,https://monsieurpablo.github.io/EnvolventesInteligentes/design_explorer_data/DefaultData/altura6_apertura0.2_materiales3_c.png
8,0.2,S,14.1,42.6,86.4,13.4,99.7,96.7,84.3,67.3,55,0.3,https://monsieurpablo.github.io/EnvolventesInteligentes/design_explorer_data/DefaultData/altura8_apertura0.2_materiales3_c.png
10,0.2,S,14.1,30,91,8.5,99.5,94,76.4,58.1,46.4,0.3,https://monsieurpablo.github.io/EnvolventesInteligentes/design_explorer_data/DefaultData/altura10_apertura0.2_materiales3_c.png
3,0.25,S,17.6,73.9,61,39,100,100,99.5,96.9,91.3,0.2,https://monsieurpablo.github.io/EnvolventesInteligentes/design_explorer_data/DefaultData/altura3_apertura0.25_materiales3_c.png
4,0.25,S,17.6,76,62.3,37.7,100,100,99.3,95.2,89.2,0.2,https://monsieurpablo.github.io/EnvolventesInteligentes/design_explorer_data/DefaultData/altura4_apertura0.25_materiales3_c.png
5,0.25,S,17.6,65.1,67.3,32.7,100,100,98.1,92,85,0.2,https://monsieurpablo.github.io/EnvolventesInteligentes/design_explorer_data/DefaultData/altura5_apertura0.25_materiales3_c.png
6,0.25,S,17.6,64.4,71.8,28,99.9,99.7,96.7,89.4,79.9,0.2,https://monsieurpablo.github.io/EnvolventesInteligentes/design_explorer_data/DefaultData/altura6_apertura0.25_materiales3_c.png
8,0.25,S,17.6,54.2,79.8,20.1,99.9,99.3,93.3,81.9,68.5,0.2,https://monsieurpablo.github.io/EnvolventesInteligentes/design_explorer_data/DefaultData/altura8_apertura0.25_materiales3_c.png
10,0.25,S,17.6,36.8,85.6,14.3,99.9,98.3,88,72.1,58.7,0.2,https://monsieurpablo.github.io/EnvolventesInteligentes/design_explorer_data/DefaultData/altura10_apertura0.25_materiales3_c.png
3,0.3,S,21.1,99.3,48.1,51.9,100,100,100,98.8,96.5,0.2,https://monsieurpablo.github.io/EnvolventesInteligentes/design_explorer_data/DefaultData/altura3_apertura0.3_materiales3_c.png
4,0.3,S,21.1,89.3,48,51.9,100,100,99.9,98.2,94.3,0.2,https://monsieurpablo.github.io/EnvolventesInteligentes/design_explorer_data/DefaultData/altura4_apertura0.3_materiales3_c.png
5,0.3,S,21.1,82.3,54.1,45.9,100,100,99.5,96.7,91.4,0.2,https://monsieurpablo.github.io/EnvolventesInteligentes/design_explorer_data/DefaultData/altura5_apertura0.3_materiales3_c.png
6,0.3,S,21.1,78.8,60.3,39.7,100,100,99,94.7,87.8,0.2,https://monsieurpablo.github.io/EnvolventesInteligentes/design_explorer_data/DefaultData/altura6_apertura0.3_materiales3_c.png
8,0.3,S,21.1,63.8,71.1,28.9,100,100,97.2,89.5,79.6,0.2,https://monsieurpablo.github.io/EnvolventesInteligentes/design_explorer_data/DefaultData/altura8_apertura0.3_materiales3_c.png
10,0.3,S,21.1,44.5,77.4,22.6,100,99.7,94.6,83.5,69.4,0.2,https://monsieurpablo.github.io/EnvolventesInteligentes/design_explorer_data/DefaultData/altura10_apertura0.3_materiales3_c.png
3,0.05,CS,4,23.8,68.2,5.2,73.4,36.8,15.7,9,6.7,0.7,https://monsieurpablo.github.io/EnvolventesInteligentes/design_explorer_data/DefaultData/altura3_apertura0.05_materiales4_c.png
4,0.05,CS,4,7.4,67,1.9,68.9,33.3,12.9,5.4,3.4,0.7,https://monsieurpablo.github.io/EnvolventesInteligentes/design_explorer_data/DefaultData/altura4_apertura0.05_materiales4_c.png
5,0.05,CS,4,10.3,59,2.9,61.9,32.7,13.3,6.8,4.2,0.7,https://monsieurpablo.github.io/EnvolventesInteligentes/design_explorer_data/DefaultData/altura5_apertura0.05_materiales4_c.png
6,0.05,CS,4,16.7,50.9,4.1,55,27.5,13.4,7.8,5.4,0.7,https://monsieurpablo.github.io/EnvolventesInteligentes/design_explorer_data/DefaultData/altura6_apertura0.05_materiales4_c.png
8,0.05,CS,4,11.3,38.3,2.5,40.8,18.8,6.8,4,2.9,0.7,https://monsieurpablo.github.io/EnvolventesInteligentes/design_explorer_data/DefaultData/altura8_apertura0.05_materiales4_c.png
10,0.05,CS,4,9.9,33.8,1.8,35.6,19.2,9,4.7,2.7,0.7,https://monsieurpablo.github.io/EnvolventesInteligentes/design_explorer_data/DefaultData/altura10_apertura0.05_materiales4_c.png
3,0.1,CS,7.9,36.6,89.3,8.9,98.2,83.9,59.4,37.3,25.5,0.3,https://monsieurpablo.github.io/EnvolventesInteligentes/design_explorer_data/DefaultData/altura3_apertura0.1_materiales4_c.png
4,0.1,CS,7.9,20.5,90.9,5.3,96.1,81.2,57.9,35.6,20.9,0.3,https://monsieurpablo.github.io/EnvolventesInteligentes/design_explorer_data/DefaultData/altura4_apertura0.1_materiales4_c.png
5,0.1,CS,7.9,25.6,88.7,6.8,95.4,75.8,51.5,30.9,18.1,0.3,https://monsieurpablo.github.io/EnvolventesInteligentes/design_explorer_data/DefaultData/altura5_apertura0.1_materiales4_c.png
6,0.1,CS,7.9,29.8,84.8,7.3,92.1,68.5,46.7,27.8,18,0.3,https://monsieurpablo.github.io/EnvolventesInteligentes/design_explorer_data/DefaultData/altura6_apertura0.1_materiales4_c.png
8,0.1,CS,7.9,22,81.5,5.2,86.7,56.8,35.9,21.6,12.3,0.3,https://monsieurpablo.github.io/EnvolventesInteligentes/design_explorer_data/DefaultData/altura8_apertura0.1_materiales4_c.png
10,0.1,CS,7.9,16.7,74.6,3.7,78.3,46.3,28.8,17,9.8,0.3,https://monsieurpablo.github.io/EnvolventesInteligentes/design_explorer_data/DefaultData/altura10_apertura0.1_materiales4_c.png
3,0.15,CS,11.9,48.1,85.6,14.4,100,97.1,84.8,69,52.1,0.2,https://monsieurpablo.github.io/EnvolventesInteligentes/design_explorer_data/DefaultData/altura3_apertura0.15_materiales4_c.png
4,0.15,CS,11.9,38.4,88.9,10.9,99.8,95.6,81.7,67,49.9,0.2,https://monsieurpablo.github.io/EnvolventesInteligentes/design_explorer_data/DefaultData/altura4_apertura0.15_materiales4_c.png
5,0.15,CS,11.9,39.6,88.7,10.6,99.3,93.1,76.4,59.8,46.1,0.2,https://monsieurpablo.github.io/EnvolventesInteligentes/design_explorer_data/DefaultData/altura5_apertura0.15_materiales4_c.png
6,0.15,CS,11.9,42.4,87.5,11.1,98.6,89.4,69.2,54.2,39.8,0.2,https://monsieurpablo.github.io/EnvolventesInteligentes/design_explorer_data/DefaultData/altura6_apertura0.15_materiales4_c.png
8,0.15,CS,11.9,34.2,89.3,8.8,98.1,83.8,59.5,44.5,32.6,0.2,https://monsieurpablo.github.io/EnvolventesInteligentes/design_explorer_data/DefaultData/altura8_apertura0.15_materiales4_c.png
10,0.15,CS,11.9,23,89.7,5.1,94.8,73.7,48.4,34.3,24,0.2,https://monsieurpablo.github.io/EnvolventesInteligentes/design_explorer_data/DefaultData/altura10_apertura0.15_materiales4_c.png
3,0.2,CS,15.8,55.4,78.7,21.3,100,99.6,94.9,85.5,73.4,0.2,https://monsieurpablo.github.io/EnvolventesInteligentes/design_explorer_data/DefaultData/altura3_apertura0.2_materiales4_c.png
4,0.2,CS,15.8,62.6,79.2,20.7,99.9,99.1,93.2,82.5,70.7,0.2,https://monsieurpablo.github.io/EnvolventesInteligentes/design_explorer_data/DefaultData/altura4_apertura0.2_materiales4_c.png
5,0.2,CS,15.8,52.9,82.7,17.3,100,98.9,90.6,78,65.4,0.2,https://monsieurpablo.github.io/EnvolventesInteligentes/design_explorer_data/DefaultData/altura5_apertura0.2_materiales4_c.png
6,0.2,CS,15.8,50.9,84.3,15.2,99.5,96.8,85.5,70.9,59.4,0.2,https://monsieurpablo.github.io/EnvolventesInteligentes/design_explorer_data/DefaultData/altura6_apertura0.2_materiales4_c.png
8,0.2,CS,15.8,42.6,87.9,11.9,99.8,94.3,77.6,60.8,49.3,0.2,https://monsieurpablo.github.io/EnvolventesInteligentes/design_explorer_data/DefaultData/altura8_apertura0.2_materiales4_c.png
10,0.2,CS,15.8,30,92.3,7.2,99.5,89.9,66.2,47.7,36.9,0.2,https://monsieurpablo.github.io/EnvolventesInteligentes/design_explorer_data/DefaultData/altura10_apertura0.2_materiales4_c.png
3,0.25,CS,19.8,73.4,67,33,100,100,98.4,93.7,85.6,0.1,https://monsieurpablo.github.io/EnvolventesInteligentes/design_explorer_data/DefaultData/altura3_apertura0.25_materiales4_c.png
4,0.25,CS,19.8,75.8,70.2,29.7,99.9,99.9,97.5,91.5,82.2,0.1,https://monsieurpablo.github.io/EnvolventesInteligentes/design_explorer_data/DefaultData/altura4_apertura0.25_materiales4_c.png
5,0.25,CS,19.8,65.1,74.4,25.6,100,99.8,95.8,87.5,77.7,0.1,https://monsieurpablo.github.io/EnvolventesInteligentes/design_explorer_data/DefaultData/altura5_apertura0.25_materiales4_c.png
6,0.25,CS,19.8,64.4,76.8,23.1,99.9,99.5,93.6,83.9,71.8,0.1,https://monsieurpablo.github.io/EnvolventesInteligentes/design_explorer_data/DefaultData/altura6_apertura0.25_materiales4_c.png
8,0.25,CS,19.8,54.2,83.2,16.8,100,98.2,88.4,73.8,61,0.1,https://monsieurpablo.github.io/EnvolventesInteligentes/design_explorer_data/DefaultData/altura8_apertura0.25_materiales4_c.png
10,0.25,CS,19.8,36.8,88.8,11,99.8,96.1,81.4,63.6,50.9,0.1,https://monsieurpablo.github.io/EnvolventesInteligentes/design_explorer_data/DefaultData/altura10_apertura0.25_materiales4_c.png
3,0.3,CS,23.7,98.7,57.5,42.5,100,100,99.7,97.3,92.5,0.1,https://monsieurpablo.github.io/EnvolventesInteligentes/design_explorer_data/DefaultData/altura3_apertura0.3_materiales4_c.png
4,0.3,CS,23.7,89.1,58.7,41.3,100,100,99.2,96,90.4,0.1,https://monsieurpablo.github.io/EnvolventesInteligentes/design_explorer_data/DefaultData/altura4_apertura0.3_materiales4_c.png
5,0.3,CS,23.7,82.2,64.1,35.9,100,100,98.8,93.5,86.3,0.1,https://monsieurpablo.github.io/EnvolventesInteligentes/design_explorer_data/DefaultData/altura5_apertura0.3_materiales4_c.png
6,0.3,CS,23.7,78.7,68.4,31.6,100,100,97.4,90.5,81.6,0.1,https://monsieurpablo.github.io/EnvolventesInteligentes/design_explorer_data/DefaultData/altura6_apertura0.3_materiales4_c.png
8,0.3,CS,23.7,63.8,76.3,23.7,100,99.7,94.2,84,70.9,0.1,https://monsieurpablo.github.io/EnvolventesInteligentes/design_explorer_data/DefaultData/altura8_apertura0.3_materiales4_c.png
10,0.3,CS,23.7,44.5,83.5,16.4,99.9,98.9,89.3,74.5,60.5,0.1,https://monsieurpablo.github.io/EnvolventesInteligentes/design_explorer_data/DefaultData/altura10_apertura0.3_materiales4_c.png
3,0.05,T,23.7,24.1,86.3,5.2,91.5,66.4,36.7,20.3,12.4,20.5,https://monsieurpablo.github.io/EnvolventesInteligentes/design_explorer_data/DefaultData/altura3_apertura0.05_materiales5_c.png
4,0.05,T,23.7,7.6,84.7,2.1,86.8,62.4,35,17.1,9,20.5,https://monsieurpablo.github.io/EnvolventesInteligentes/design_explorer_data/DefaultData/altura4_apertura0.05_materiales5_c.png
5,0.05,T,23.7,10.3,79.3,3,82.3,56.1,31.5,16.9,10.1,20.5,https://monsieurpablo.github.io/EnvolventesInteligentes/design_explorer_data/DefaultData/altura5_apertura0.05_materiales5_c.png
6,0.05,T,23.7,16.8,73.2,4.2,77.4,50.9,27.1,14.9,9.2,20.5,https://monsieurpablo.github.io/EnvolventesInteligentes/design_explorer_data/DefaultData/altura6_apertura0.05_materiales5_c.png
8,0.05,T,23.7,11.3,62.9,2.5,65.4,38.1,20.4,11.1,6.2,20.5,https://monsieurpablo.github.io/EnvolventesInteligentes/design_explorer_data/DefaultData/altura8_apertura0.05_materiales5_c.png
10,0.05,T,23.7,9.9,51.5,1.9,53.4,29.8,17.9,11.2,6.3,20.5,https://monsieurpablo.github.io/EnvolventesInteligentes/design_explorer_data/DefaultData/altura10_apertura0.05_materiales5_c.png
3,0.1,T,23.7,37,88.8,11.1,100,97.2,85.2,69.5,53.1,10.3,https://monsieurpablo.github.io/EnvolventesInteligentes/design_explorer_data/DefaultData/altura3_apertura0.1_materiales5_c.png
4,0.1,T,23.7,20.8,92,7.4,99.4,94.9,81.1,64.9,49.4,10.3,https://monsieurpablo.github.io/EnvolventesInteligentes/design_explorer_data/DefaultData/altura4_apertura0.1_materiales5_c.png
5,0.1,T,23.7,25.7,91.3,7.8,99.1,92.7,75.3,58.2,44.7,10.3,https://monsieurpablo.github.io/EnvolventesInteligentes/design_explorer_data/DefaultData/altura5_apertura0.1_materiales5_c.png
6,0.1,T,23.7,29.9,89.8,7.8,97.6,88.3,68.1,52.2,38.5,10.3,https://monsieurpablo.github.io/EnvolventesInteligentes/design_explorer_data/DefaultData/altura6_apertura0.1_materiales5_c.png
8,0.1,T,23.7,22,90.7,5.3,96,80.1,55.7,40.5,28.9,10.3,https://monsieurpablo.github.io/EnvolventesInteligentes/design_explorer_data/DefaultData/altura8_apertura0.1_materiales5_c.png
10,0.1,T,23.7,16.7,89.1,4,93.1,70.2,43.4,28.9,19.7,10.3,https://monsieurpablo.github.io/EnvolventesInteligentes/design_explorer_data/DefaultData/altura10_apertura0.1_materiales5_c.png
3,0.15,T,23.7,48.9,75.7,24.3,100,100,97.1,89.8,80.2,6.8,https://monsieurpablo.github.io/EnvolventesInteligentes/design_explorer_data/DefaultData/altura3_apertura0.15_materiales5_c.png
4,0.15,T,23.7,38.8,79.7,20.1,99.8,99.4,95.3,87.3,77.2,6.8,https://monsieurpablo.github.io/EnvolventesInteligentes/design_explorer_data/DefaultData/altura4_apertura0.15_materiales5_c.png
5,0.15,T,23.7,39.7,82.4,17.4,99.8,99.2,93.2,82.9,70,6.8,https://monsieurpablo.github.io/EnvolventesInteligentes/design_explorer_data/DefaultData/altura5_apertura0.15_materiales5_c.png
6,0.15,T,23.7,42.6,83.8,15.6,99.4,97.8,88.4,75.7,63.3,6.8,https://monsieurpablo.github.io/EnvolventesInteligentes/design_explorer_data/DefaultData/altura6_apertura0.15_materiales5_c.png
8,0.15,T,23.7,34.2,88.2,11.3,99.5,95.8,82.3,63.9,51,6.8,https://monsieurpablo.github.io/EnvolventesInteligentes/design_explorer_data/DefaultData/altura8_apertura0.15_materiales5_c.png
10,0.15,T,23.7,23,91.5,7.3,98.8,91.8,71.9,52.2,40,6.8,https://monsieurpablo.github.io/EnvolventesInteligentes/design_explorer_data/DefaultData/altura10_apertura0.15_materiales5_c.png
3,0.2,T,23.7,56.3,60.9,39.1,100,100,99.6,97.1,91.9,5.1,https://monsieurpablo.github.io/EnvolventesInteligentes/design_explorer_data/DefaultData/altura3_apertura0.2_materiales5_c.png
4,0.2,T,23.7,63.1,61.2,38.8,100,100,99.3,96.1,90.2,5.1,https://monsieurpablo.github.io/EnvolventesInteligentes/design_explorer_data/DefaultData/altura4_apertura0.2_materiales5_c.png
5,0.2,T,23.7,53.1,67.7,32.2,99.9,99.9,98.5,93.5,86.2,5.1,https://monsieurpablo.github.io/EnvolventesInteligentes/design_explorer_data/DefaultData/altura5_apertura0.2_materiales5_c.png
6,0.2,T,23.7,51.2,73.7,26.2,99.9,99.7,96.6,89.7,80.6,5.1,https://monsieurpablo.github.io/EnvolventesInteligentes/design_explorer_data/DefaultData/altura6_apertura0.2_materiales5_c.png
8,0.2,T,23.7,42.6,78.2,21.6,99.8,99.3,93.5,83.1,69.6,5.1,https://monsieurpablo.github.io/EnvolventesInteligentes/design_explorer_data/DefaultData/altura8_apertura0.2_materiales5_c.png
10,0.2,T,23.7,30,84.7,15,99.8,98.5,88.8,73.3,59.1,5.1,https://monsieurpablo.github.io/EnvolventesInteligentes/design_explorer_data/DefaultData/altura10_apertura0.2_materiales5_c.png
3,0.25,T,23.7,74.6,43,56.8,99.8,99.8,99.8,99.3,97.2,4.1,https://monsieurpablo.github.io/EnvolventesInteligentes/design_explorer_data/DefaultData/altura3_apertura0.25_materiales5_c.png
4,0.25,T,23.7,76.4,45.4,54.6,100,100,100,99,95.7,4.1,https://monsieurpablo.github.io/EnvolventesInteligentes/design_explorer_data/DefaultData/altura4_apertura0.25_materiales5_c.png
5,0.25,T,23.7,65.2,50.6,49.4,100,100,99.8,98,93.6,4.1,https://monsieurpablo.github.io/EnvolventesInteligentes/design_explorer_data/DefaultData/altura5_apertura0.25_materiales5_c.png
6,0.25,T,23.7,64.6,56.6,43.3,99.9,99.9,99.4,95.7,89.5,4.1,https://monsieurpablo.github.io/EnvolventesInteligentes/design_explorer_data/DefaultData/altura6_apertura0.25_materiales5_c.png
8,0.25,T,23.7,54.2,65.9,34.1,100,100,98.7,92.5,83.8,4.1,https://monsieurpablo.github.io/EnvolventesInteligentes/design_explorer_data/DefaultData/altura8_apertura0.25_materiales5_c.png
10,0.25,T,23.7,36.8,74,25.7,99.7,99.6,96.1,86.3,72.8,4.1,https://monsieurpablo.github.io/EnvolventesInteligentes/design_explorer_data/DefaultData/altura10_apertura0.25_materiales5_c.png
3,0.3,T,23.7,100.2,29.9,70.1,100,100,100,99.9,98.9,3.4,https://monsieurpablo.github.io/EnvolventesInteligentes/design_explorer_data/DefaultData/altura3_apertura0.3_materiales5_c.png
4,0.3,T,23.7,89.9,32.4,67.6,100,100,100,99.7,98.7,3.4,https://monsieurpablo.github.io/EnvolventesInteligentes/design_explorer_data/DefaultData/altura4_apertura0.3_materiales5_c.png
5,0.3,T,23.7,82.5,39,61,100,100,100,99.3,96.9,3.4,https://monsieurpablo.github.io/EnvolventesInteligentes/design_explorer_data/DefaultData/altura5_apertura0.3_materiales5_c.png
6,0.3,T,23.7,79,45,55,100,100,99.9,98.6,95.1,3.4,https://monsieurpablo.github.io/EnvolventesInteligentes/design_explorer_data/DefaultData/altura6_apertura0.3_materiales5_c.png
8,0.3,T,23.7,63.8,55.7,44.3,100,100,99.6,96.6,90.4,3.4,https://monsieurpablo.github.io/EnvolventesInteligentes/design_explorer_data/DefaultData/altura8_apertura0.3_materiales5_c.png
10,0.3,T,23.7,44.5,65.9,34,99.9,99.9,98.8,93.3,84.3,3.4,https://monsieurpablo.github.io/EnvolventesInteligentes/design_explorer_data/DefaultData/altura10_apertura0.3_materiales5_c.png
